filename,label
CW2019_1530_t006.jpg,0
CW2019_1530_t007.jpg,0
CW2019_1530_t008.jpg,1
CW2019_1530_t022.jpg,0
CW2019_1530_t023.jpg,1
CW2019_1530_t026.jpg,1
CW2019_1530_t028.jpg,1
CW2019_1530_t035.jpg,0
CW2019_1530_t050.jpg,0
CW2019_1530_t055.jpg,0
CW2019_1530_t056.jpg,1
CW2019_1530_t057.jpg,0
CW2019_1530_t059.jpg,1
CW2019_1530_t062.jpg,0
CW2019_1530_t070.jpg,0
CW2019_1530_t071.jpg,1
CW2019_1530_t107.jpg,0
CW2019_1530_t108.jpg,1
CW2019_1530_t114.jpg,1
CW2019_1530_t129.jpg,1
CW2019_1530_t139.jpg,1
CW2019_1530_t151.jpg,1
CW2019_1549_t001.jpg,1
CW2019_1549_t004.jpg,0
CW2019_1549_t005.jpg,0
CW2019_1549_t006.jpg,0
CW2019_1549_t007.jpg,0
CW2019_1549_t008.jpg,1
CW2019_1549_t009.jpg,0
CW2019_1549_t011.jpg,1
CW2019_1549_t012.jpg,0
CW2019_1549_t013.jpg,1
CW2019_1549_t014.jpg,1
CW2019_1549_t019.jpg,1
CW2019_1549_t022.jpg,0
CW2019_1549_t023.jpg,1
CW2019_1549_t024.jpg,1
CW2019_1549_t026.jpg,1
CW2019_1549_t027.jpg,0
CW2019_1549_t028.jpg,1
CW2019_1549_t031.jpg,1
CW2019_1549_t033.jpg,0
CW2019_1549_t035.jpg,0
CW2019_1549_t036.jpg,1
CW2019_1549_t039.jpg,1
CW2019_1549_t040.jpg,0
CW2019_1549_t043.jpg,1
CW2019_1549_t044.jpg,0
CW2019_1549_t045.jpg,0
CW2019_1549_t048.jpg,0
CW2019_1549_t050.jpg,0
CW2019_1549_t055.jpg,0
CW2019_1549_t056.jpg,1
CW2019_1549_t057.jpg,0
CW2019_1549_t058.jpg,1
CW2019_1549_t059.jpg,1
CW2019_1549_t062.jpg,0
CW2019_1549_t070.jpg,0
CW2019_1549_t071.jpg,1
CW2019_1549_t073.jpg,1
CW2019_1549_t077.jpg,0
CW2019_1549_t087.jpg,0
CW2019_1549_t093.jpg,1
CW2019_1549_t094.jpg,1
CW2019_1549_t095.jpg,0
CW2019_1549_t096.jpg,1
CW2019_1549_t097.jpg,0
CW2019_1549_t100.jpg,0
CW2019_1549_t103.jpg,1
CW2019_1549_t107.jpg,0
CW2019_1549_t108.jpg,1
CW2019_1549_t110.jpg,0
CW2019_1549_t111.jpg,1
CW2019_1549_t114.jpg,1
CW2019_1549_t116.jpg,1
CW2019_1549_t118.jpg,1
CW2019_1549_t122.jpg,0
CW2019_1549_t127.jpg,0
CW2019_1549_t128.jpg,1
CW2019_1549_t129.jpg,0
CW2019_1549_t131.jpg,1
CW2019_1549_t139.jpg,1
CW2019_1549_t140.jpg,0
CW2019_1549_t143.jpg,0
CW2019_1549_t147.jpg,0
CW2019_1549_t151.jpg,1
CW2019_1551_t002.jpg,0
CW2019_1551_t007.jpg,0
CW2019_1551_t018.jpg,1
CW2019_1551_t025.jpg,0
CW2019_1551_t029.jpg,1
CW2019_1551_t040.jpg,0
CW2019_1551_t045.jpg,0
CW2019_1551_t057.jpg,0
CW2019_1551_t074.jpg,1
CW2019_1551_t077.jpg,0
CW2019_1551_t083.jpg,1
CW2019_1551_t086.jpg,1
CW2019_1551_t091.jpg,1
CW2019_1551_t096.jpg,1
CW2019_1551_t097.jpg,0
CW2019_1551_t103.jpg,1
CW2019_1551_t104.jpg,1
CW2019_1551_t131.jpg,1
CW2019_1551_t133.jpg,1
CW2019_1551_t138.jpg,0
CW2019_1551_t146.jpg,1
CW2019_1551_t149.jpg,1
CW2019_1554_t002.jpg,0
CW2019_1554_t004.jpg,0
CW2019_1554_t005.jpg,0
CW2019_1554_t006.jpg,0
CW2019_1554_t007.jpg,0
CW2019_1554_t008.jpg,0
CW2019_1554_t009.jpg,0
CW2019_1554_t014.jpg,0
CW2019_1554_t017.jpg,0
CW2019_1554_t018.jpg,0
CW2019_1554_t020.jpg,0
CW2019_1554_t021.jpg,0
CW2019_1554_t023.jpg,0
CW2019_1554_t024.jpg,0
CW2019_1554_t027.jpg,0
CW2019_1554_t029.jpg,0
CW2019_1554_t030.jpg,0
CW2019_1554_t031.jpg,0
CW2019_1554_t032.jpg,0
CW2019_1554_t034.jpg,0
CW2019_1554_t035.jpg,0
CW2019_1554_t036.jpg,0
CW2019_1554_t037.jpg,0
CW2019_1554_t039.jpg,0
CW2019_1554_t041.jpg,0
CW2019_1554_t045.jpg,0
CW2019_1554_t048.jpg,0
CW2019_1554_t054.jpg,1
CW2019_1554_t064.jpg,1
CW2019_1554_t065.jpg,1
CW2019_1554_t066.jpg,0
CW2019_1554_t069.jpg,1
CW2019_1554_t072.jpg,0
CW2019_1554_t073.jpg,1
CW2019_1554_t074.jpg,1
CW2019_1554_t076.jpg,1
CW2019_1554_t077.jpg,0
CW2019_1554_t079.jpg,0
CW2019_1554_t086.jpg,1
CW2019_1554_t094.jpg,1
CW2019_1554_t095.jpg,0
CW2019_1554_t096.jpg,1
CW2019_1554_t099.jpg,1
CW2019_1554_t100.jpg,1
CW2019_1554_t106.jpg,1
CW2019_1554_t107.jpg,0
CW2019_1554_t109.jpg,0
CW2019_1554_t110.jpg,0
CW2019_1554_t111.jpg,1
CW2019_1554_t116.jpg,1
CW2019_1554_t118.jpg,1
CW2019_1554_t121.jpg,1
CW2019_1554_t123.jpg,0
CW2019_1554_t124.jpg,0
CW2019_1554_t125.jpg,1
CW2019_1554_t126.jpg,0
CW2019_1554_t127.jpg,0
CW2019_1554_t131.jpg,1
CW2019_1554_t140.jpg,1
CW2019_1554_t146.jpg,1
CW2019_1554_t147.jpg,0
CW2019_1554_t151.jpg,0
CW2019_1554_t152.jpg,0
CW2019_1556_t002.jpg,0
CW2019_1556_t004.jpg,0
CW2019_1556_t007.jpg,0
CW2019_1556_t008.jpg,1
CW2019_1556_t010.jpg,0
CW2019_1556_t012.jpg,0
CW2019_1556_t013.jpg,1
CW2019_1556_t016.jpg,1
CW2019_1556_t017.jpg,0
CW2019_1556_t018.jpg,1
CW2019_1556_t019.jpg,1
CW2019_1556_t023.jpg,1
CW2019_1556_t024.jpg,1
CW2019_1556_t025.jpg,0
CW2019_1556_t028.jpg,1
CW2019_1556_t029.jpg,1
CW2019_1556_t034.jpg,1
CW2019_1556_t037.jpg,0
CW2019_1556_t038.jpg,1
CW2019_1556_t039.jpg,1
CW2019_1556_t040.jpg,0
CW2019_1556_t044.jpg,0
CW2019_1556_t045.jpg,0
CW2019_1556_t049.jpg,1
CW2019_1556_t057.jpg,0
CW2019_1556_t058.jpg,0
CW2019_1556_t060.jpg,0
CW2019_1556_t061.jpg,1
CW2019_1556_t072.jpg,0
CW2019_1556_t074.jpg,1
CW2019_1556_t075.jpg,0
CW2019_1556_t077.jpg,0
CW2019_1556_t080.jpg,0
CW2019_1556_t081.jpg,1
CW2019_1556_t083.jpg,1
CW2019_1556_t084.jpg,1
CW2019_1556_t086.jpg,1
CW2019_1556_t091.jpg,1
CW2019_1556_t092.jpg,0
CW2019_1556_t096.jpg,1
CW2019_1556_t097.jpg,0
CW2019_1556_t101.jpg,1
CW2019_1556_t102.jpg,0
CW2019_1556_t103.jpg,1
CW2019_1556_t104.jpg,1
CW2019_1556_t105.jpg,0
CW2019_1556_t110.jpg,0
CW2019_1556_t120.jpg,0
CW2019_1556_t122.jpg,0
CW2019_1556_t125.jpg,0
CW2019_1556_t129.jpg,0
CW2019_1556_t131.jpg,1
CW2019_1556_t132.jpg,0
CW2019_1556_t133.jpg,0
CW2019_1556_t135.jpg,0
CW2019_1556_t137.jpg,0
CW2019_1556_t138.jpg,0
CW2019_1556_t139.jpg,1
CW2019_1556_t144.jpg,1
CW2019_1556_t146.jpg,1
CW2019_1556_t149.jpg,1
CW2019_1568_t000.jpg,1
CW2019_1568_t002.jpg,0
CW2019_1568_t006.jpg,0
CW2019_1568_t010.jpg,0
CW2019_1568_t016.jpg,1
CW2019_1568_t026.jpg,1
CW2019_1568_t058.jpg,0
CW2019_1568_t065.jpg,1
CW2019_1568_t067.jpg,0
CW2019_1568_t080.jpg,1
CW2019_1568_t087.jpg,0
CW2019_1568_t090.jpg,0
CW2019_1568_t098.jpg,1
CW2019_1568_t100.jpg,1
CW2019_1568_t107.jpg,0
CW2019_1568_t109.jpg,1
CW2019_1568_t110.jpg,0
CW2019_1568_t116.jpg,1
CW2019_1568_t123.jpg,1
CW2019_1568_t131.jpg,1
CW2019_1568_t141.jpg,1
CW2019_1568_t146.jpg,1
CW2019_1613_t002.jpg,1
CW2019_1613_t004.jpg,0
CW2019_1613_t005.jpg,1
CW2019_1613_t007.jpg,1
CW2019_1613_t009.jpg,0
CW2019_1613_t011.jpg,1
CW2019_1613_t012.jpg,1
CW2019_1613_t014.jpg,0
CW2019_1613_t017.jpg,1
CW2019_1613_t018.jpg,1
CW2019_1613_t019.jpg,0
CW2019_1613_t020.jpg,0
CW2019_1613_t022.jpg,1
CW2019_1613_t027.jpg,1
CW2019_1613_t029.jpg,0
CW2019_1613_t030.jpg,0
CW2019_1613_t032.jpg,0
CW2019_1613_t033.jpg,0
CW2019_1613_t034.jpg,0
CW2019_1613_t036.jpg,0
CW2019_1613_t039.jpg,0
CW2019_1613_t040.jpg,1
CW2019_1613_t041.jpg,1
CW2019_1613_t042.jpg,1
CW2019_1613_t045.jpg,1
CW2019_1613_t049.jpg,0
CW2019_1613_t052.jpg,0
CW2019_1613_t054.jpg,0
CW2019_1613_t055.jpg,0
CW2019_1613_t056.jpg,0
CW2019_1613_t065.jpg,1
CW2019_1613_t069.jpg,0
CW2019_1613_t072.jpg,1
CW2019_1613_t077.jpg,0
CW2019_1613_t079.jpg,0
CW2019_1613_t080.jpg,1
CW2019_1613_t086.jpg,1
CW2019_1613_t089.jpg,0
CW2019_1613_t092.jpg,1
CW2019_1613_t096.jpg,1
CW2019_1613_t099.jpg,0
CW2019_1613_t100.jpg,1
CW2019_1613_t104.jpg,0
CW2019_1613_t106.jpg,0
CW2019_1613_t109.jpg,0
CW2019_1613_t111.jpg,0
CW2019_1613_t118.jpg,1
CW2019_1613_t120.jpg,1
CW2019_1613_t123.jpg,1
CW2019_1613_t124.jpg,0
CW2019_1613_t126.jpg,0
CW2019_1613_t129.jpg,0
CW2019_1613_t130.jpg,0
CW2019_1613_t136.jpg,1
CW2019_1613_t137.jpg,0
CW2019_1613_t138.jpg,0
CW2019_1613_t140.jpg,1
CW2019_1613_t142.jpg,0
CW2019_1613_t149.jpg,0
CW2019_1613_t152.jpg,0
CW2019_1618_t007.jpg,0
CW2019_1618_t011.jpg,1
CW2019_1618_t012.jpg,0
CW2019_1618_t017.jpg,0
CW2019_1618_t028.jpg,1
CW2019_1618_t035.jpg,1
CW2019_1618_t039.jpg,0
CW2019_1618_t056.jpg,1
CW2019_1618_t063.jpg,1
CW2019_1618_t070.jpg,1
CW2019_1618_t073.jpg,1
CW2019_1618_t082.jpg,0
CW2019_1618_t088.jpg,1
CW2019_1618_t095.jpg,1
CW2019_1618_t102.jpg,0
CW2019_1618_t105.jpg,1
CW2019_1618_t116.jpg,1
CW2019_1618_t129.jpg,0
CW2019_1618_t130.jpg,0
CW2019_1618_t139.jpg,0
CW2019_1618_t141.jpg,1
CW2019_1618_t144.jpg,0
CW2019_1619_t007.jpg,0
CW2019_1619_t008.jpg,0
CW2019_1619_t010.jpg,0
CW2019_1619_t013.jpg,0
CW2019_1619_t014.jpg,0
CW2019_1619_t017.jpg,0
CW2019_1619_t019.jpg,0
CW2019_1619_t021.jpg,0
CW2019_1619_t023.jpg,0
CW2019_1619_t025.jpg,0
CW2019_1619_t028.jpg,0
CW2019_1619_t034.jpg,0
CW2019_1619_t035.jpg,0
CW2019_1619_t038.jpg,0
CW2019_1619_t039.jpg,0
CW2019_1619_t043.jpg,1
CW2019_1619_t045.jpg,0
CW2019_1619_t048.jpg,0
CW2019_1619_t055.jpg,0
CW2019_1619_t056.jpg,1
CW2019_1619_t057.jpg,0
CW2019_1619_t058.jpg,0
CW2019_1619_t062.jpg,0
CW2019_1619_t064.jpg,0
CW2019_1619_t068.jpg,1
CW2019_1619_t069.jpg,0
CW2019_1619_t075.jpg,1
CW2019_1619_t076.jpg,1
CW2019_1619_t077.jpg,0
CW2019_1619_t079.jpg,0
CW2019_1619_t081.jpg,1
CW2019_1619_t084.jpg,0
CW2019_1619_t088.jpg,1
CW2019_1619_t089.jpg,0
CW2019_1619_t091.jpg,1
CW2019_1619_t092.jpg,0
CW2019_1619_t093.jpg,1
CW2019_1619_t095.jpg,1
CW2019_1619_t099.jpg,0
CW2019_1619_t101.jpg,1
CW2019_1619_t102.jpg,0
CW2019_1619_t109.jpg,0
CW2019_1619_t117.jpg,0
CW2019_1619_t119.jpg,0
CW2019_1619_t120.jpg,1
CW2019_1619_t121.jpg,1
CW2019_1619_t122.jpg,0
CW2019_1619_t127.jpg,0
CW2019_1619_t128.jpg,0
CW2019_1619_t132.jpg,0
CW2019_1619_t135.jpg,0
CW2019_1619_t137.jpg,0
CW2019_1619_t139.jpg,0
CW2019_1619_t141.jpg,0
CW2019_1619_t142.jpg,0
CW2019_1619_t144.jpg,0
CW2019_1619_t145.jpg,0
CW2019_1619_t146.jpg,0
CW2019_1619_t147.jpg,0
CW2019_1619_t152.jpg,0
CW2019_1623_t001.jpg,0
CW2019_1623_t007.jpg,1
CW2019_1623_t029.jpg,0
CW2019_1623_t041.jpg,1
CW2019_1623_t059.jpg,0
CW2019_1623_t062.jpg,0
CW2019_1623_t065.jpg,1
CW2019_1623_t066.jpg,1
CW2019_1623_t071.jpg,0
CW2019_1623_t087.jpg,1
CW2019_1623_t092.jpg,1
CW2019_1623_t099.jpg,0
CW2019_1623_t101.jpg,1
CW2019_1623_t103.jpg,1
CW2019_1623_t118.jpg,1
CW2019_1623_t128.jpg,1
CW2019_1623_t134.jpg,0
CW2019_1623_t140.jpg,1
CW2019_1623_t141.jpg,1
CW2019_1623_t143.jpg,1
CW2019_1623_t150.jpg,1
CW2019_1623_t152.jpg,1
CW2019_1628_t000.jpg,0
CW2019_1628_t002.jpg,0
CW2019_1628_t004.jpg,0
CW2019_1628_t006.jpg,0
CW2019_1628_t008.jpg,0
CW2019_1628_t010.jpg,1
CW2019_1628_t013.jpg,0
CW2019_1628_t016.jpg,0
CW2019_1628_t017.jpg,0
CW2019_1628_t025.jpg,0
CW2019_1628_t026.jpg,0
CW2019_1628_t030.jpg,0
CW2019_1628_t035.jpg,0
CW2019_1628_t040.jpg,1
CW2019_1628_t042.jpg,0
CW2019_1628_t043.jpg,1
CW2019_1628_t045.jpg,1
CW2019_1628_t046.jpg,1
CW2019_1628_t047.jpg,0
CW2019_1628_t058.jpg,0
CW2019_1628_t060.jpg,1
CW2019_1628_t061.jpg,0
CW2019_1628_t065.jpg,1
CW2019_1628_t067.jpg,0
CW2019_1628_t068.jpg,1
CW2019_1628_t071.jpg,0
CW2019_1628_t073.jpg,1
CW2019_1628_t076.jpg,1
CW2019_1628_t080.jpg,1
CW2019_1628_t087.jpg,0
CW2019_1628_t088.jpg,1
CW2019_1628_t090.jpg,1
CW2019_1628_t091.jpg,1
CW2019_1628_t093.jpg,1
CW2019_1628_t094.jpg,0
CW2019_1628_t097.jpg,0
CW2019_1628_t098.jpg,0
CW2019_1628_t099.jpg,0
CW2019_1628_t100.jpg,1
CW2019_1628_t104.jpg,0
CW2019_1628_t105.jpg,1
CW2019_1628_t107.jpg,0
CW2019_1628_t109.jpg,0
CW2019_1628_t110.jpg,1
CW2019_1628_t112.jpg,0
CW2019_1628_t113.jpg,0
CW2019_1628_t116.jpg,1
CW2019_1628_t123.jpg,1
CW2019_1628_t125.jpg,1
CW2019_1628_t126.jpg,1
CW2019_1628_t129.jpg,0
CW2019_1628_t131.jpg,1
CW2019_1628_t140.jpg,1
CW2019_1628_t141.jpg,1
CW2019_1628_t142.jpg,0
CW2019_1628_t144.jpg,0
CW2019_1628_t146.jpg,0
CW2019_1628_t151.jpg,0
CW2019_1638_t001.jpg,1
CW2019_1638_t007.jpg,0
CW2019_1638_t009.jpg,0
CW2019_1638_t012.jpg,0
CW2019_1638_t014.jpg,0
CW2019_1638_t016.jpg,1
CW2019_1638_t018.jpg,1
CW2019_1638_t020.jpg,1
CW2019_1638_t027.jpg,0
CW2019_1638_t030.jpg,0
CW2019_1638_t032.jpg,0
CW2019_1638_t033.jpg,0
CW2019_1638_t034.jpg,0
CW2019_1638_t037.jpg,0
CW2019_1638_t039.jpg,0
CW2019_1638_t042.jpg,0
CW2019_1638_t043.jpg,1
CW2019_1638_t049.jpg,0
CW2019_1638_t050.jpg,1
CW2019_1638_t055.jpg,1
CW2019_1638_t056.jpg,1
CW2019_1638_t058.jpg,0
CW2019_1638_t066.jpg,1
CW2019_1638_t070.jpg,1
CW2019_1638_t073.jpg,1
CW2019_1638_t077.jpg,0
CW2019_1638_t080.jpg,1
CW2019_1638_t082.jpg,0
CW2019_1638_t086.jpg,1
CW2019_1638_t088.jpg,1
CW2019_1638_t089.jpg,0
CW2019_1638_t092.jpg,1
CW2019_1638_t107.jpg,0
CW2019_1638_t108.jpg,1
CW2019_1638_t111.jpg,0
CW2019_1638_t112.jpg,1
CW2019_1638_t116.jpg,1
CW2019_1638_t118.jpg,1
CW2019_1638_t120.jpg,1
CW2019_1638_t121.jpg,1
CW2019_1638_t123.jpg,1
CW2019_1638_t124.jpg,0
CW2019_1638_t126.jpg,0
CW2019_1638_t127.jpg,1
CW2019_1638_t128.jpg,1
CW2019_1638_t129.jpg,0
CW2019_1638_t130.jpg,1
CW2019_1638_t132.jpg,0
CW2019_1638_t133.jpg,1
CW2019_1638_t135.jpg,0
CW2019_1638_t136.jpg,0
CW2019_1638_t137.jpg,0
CW2019_1638_t138.jpg,0
CW2019_1638_t140.jpg,1
CW2019_1638_t142.jpg,0
CW2019_1638_t143.jpg,1
CW2019_1638_t146.jpg,1
CW2019_1638_t147.jpg,0
CW2019_1638_t149.jpg,0
CW2019_1638_t150.jpg,1
CW2019_1638_t151.jpg,0
CW2019_1666_t006.jpg,0
CW2019_1666_t007.jpg,0
CW2019_1666_t008.jpg,1
CW2019_1666_t011.jpg,1
CW2019_1666_t012.jpg,0
CW2019_1666_t014.jpg,0
CW2019_1666_t017.jpg,0
CW2019_1666_t023.jpg,1
CW2019_1666_t024.jpg,0
CW2019_1666_t026.jpg,1
CW2019_1666_t028.jpg,1
CW2019_1666_t034.jpg,0
CW2019_1666_t035.jpg,1
CW2019_1666_t039.jpg,0
CW2019_1666_t045.jpg,0
CW2019_1666_t051.jpg,0
CW2019_1666_t052.jpg,0
CW2019_1666_t053.jpg,0
CW2019_1666_t056.jpg,1
CW2019_1666_t063.jpg,1
CW2019_1666_t069.jpg,0
CW2019_1666_t070.jpg,1
CW2019_1666_t072.jpg,0
CW2019_1666_t073.jpg,1
CW2019_1666_t075.jpg,1
CW2019_1666_t076.jpg,1
CW2019_1666_t078.jpg,0
CW2019_1666_t079.jpg,0
CW2019_1666_t082.jpg,0
CW2019_1666_t083.jpg,1
CW2019_1666_t084.jpg,0
CW2019_1666_t087.jpg,0
CW2019_1666_t088.jpg,1
CW2019_1666_t095.jpg,1
CW2019_1666_t096.jpg,1
CW2019_1666_t097.jpg,0
CW2019_1666_t098.jpg,0
CW2019_1666_t102.jpg,0
CW2019_1666_t105.jpg,1
CW2019_1666_t106.jpg,1
CW2019_1666_t108.jpg,1
CW2019_1666_t112.jpg,0
CW2019_1666_t114.jpg,0
CW2019_1666_t115.jpg,1
CW2019_1666_t116.jpg,1
CW2019_1666_t120.jpg,1
CW2019_1666_t121.jpg,1
CW2019_1666_t123.jpg,1
CW2019_1666_t124.jpg,0
CW2019_1666_t126.jpg,0
CW2019_1666_t127.jpg,0
CW2019_1666_t129.jpg,0
CW2019_1666_t130.jpg,0
CW2019_1666_t132.jpg,0
CW2019_1666_t139.jpg,0
CW2019_1666_t141.jpg,1
CW2019_1666_t142.jpg,0
CW2019_1666_t144.jpg,0
CW2019_1666_t146.jpg,0
CW2019_1666_t151.jpg,1
CW2019_1683_t010.jpg,1
CW2019_1683_t020.jpg,1
CW2019_1683_t022.jpg,0
CW2019_1683_t023.jpg,1
CW2019_1683_t038.jpg,1
CW2019_1683_t047.jpg,0
CW2019_1683_t050.jpg,1
CW2019_1683_t059.jpg,0
CW2019_1683_t065.jpg,1
CW2019_1683_t077.jpg,0
CW2019_1683_t081.jpg,1
CW2019_1683_t090.jpg,0
CW2019_1683_t098.jpg,0
CW2019_1683_t099.jpg,0
CW2019_1683_t103.jpg,1
CW2019_1683_t109.jpg,0
CW2019_1683_t120.jpg,1
CW2019_1683_t128.jpg,1
CW2019_1683_t131.jpg,1
CW2019_1683_t135.jpg,0
CW2019_1683_t138.jpg,0
CW2019_1683_t149.jpg,0
CW2019_1687_t002.jpg,0
CW2019_1687_t005.jpg,1
CW2019_1687_t007.jpg,0
CW2019_1687_t013.jpg,0
CW2019_1687_t017.jpg,0
CW2019_1687_t024.jpg,0
CW2019_1687_t035.jpg,1
CW2019_1687_t039.jpg,0
CW2019_1687_t053.jpg,0
CW2019_1687_t059.jpg,0
CW2019_1687_t065.jpg,1
CW2019_1687_t077.jpg,0
CW2019_1687_t086.jpg,1
CW2019_1687_t095.jpg,1
CW2019_1687_t098.jpg,0
CW2019_1687_t107.jpg,0
CW2019_1687_t121.jpg,1
CW2019_1687_t133.jpg,1
CW2019_1687_t134.jpg,0
CW2019_1687_t138.jpg,0
CW2019_1687_t139.jpg,0
CW2019_1687_t143.jpg,0
CW2019_1727_t004.jpg,0
CW2019_1727_t005.jpg,1
CW2019_1727_t010.jpg,0
CW2019_1727_t027.jpg,0
CW2019_1727_t035.jpg,1
CW2019_1727_t036.jpg,0
CW2019_1727_t042.jpg,0
CW2019_1727_t057.jpg,0
CW2019_1727_t065.jpg,1
CW2019_1727_t074.jpg,0
CW2019_1727_t082.jpg,0
CW2019_1727_t094.jpg,0
CW2019_1727_t095.jpg,1
CW2019_1727_t096.jpg,1
CW2019_1727_t101.jpg,1
CW2019_1727_t111.jpg,1
CW2019_1727_t122.jpg,0
CW2019_1727_t124.jpg,0
CW2019_1727_t131.jpg,1
CW2019_1727_t132.jpg,0
CW2019_1727_t142.jpg,0
CW2019_1727_t150.jpg,1
CW2019_1744_t003.jpg,0
CW2019_1744_t010.jpg,0
CW2019_1744_t018.jpg,1
CW2019_1744_t026.jpg,1
CW2019_1744_t049.jpg,0
CW2019_1744_t050.jpg,1
CW2019_1744_t051.jpg,0
CW2019_1744_t052.jpg,0
CW2019_1744_t054.jpg,0
CW2019_1744_t066.jpg,1
CW2019_1744_t072.jpg,0
CW2019_1744_t073.jpg,1
CW2019_1744_t090.jpg,0
CW2019_1744_t096.jpg,1
CW2019_1744_t103.jpg,1
CW2019_1744_t107.jpg,0
CW2019_1744_t115.jpg,1
CW2019_1744_t120.jpg,1
CW2019_1744_t125.jpg,1
CW2019_1744_t141.jpg,1
CW2019_1744_t146.jpg,1
CW2019_1744_t148.jpg,1
CW2019_1747_t002.jpg,0
CW2019_1747_t005.jpg,1
CW2019_1747_t010.jpg,1
CW2019_1747_t021.jpg,1
CW2019_1747_t025.jpg,1
CW2019_1747_t029.jpg,0
CW2019_1747_t034.jpg,0
CW2019_1747_t040.jpg,1
CW2019_1747_t045.jpg,1
CW2019_1747_t057.jpg,0
CW2019_1747_t076.jpg,1
CW2019_1747_t080.jpg,1
CW2019_1747_t086.jpg,1
CW2019_1747_t095.jpg,1
CW2019_1747_t096.jpg,1
CW2019_1747_t117.jpg,0
CW2019_1747_t124.jpg,0
CW2019_1747_t134.jpg,0
CW2019_1747_t137.jpg,0
CW2019_1747_t144.jpg,0
CW2019_1747_t147.jpg,0
CW2019_1747_t149.jpg,0
CW2019_1749_t002.jpg,0
CW2019_1749_t010.jpg,0
CW2019_1749_t011.jpg,1
CW2019_1749_t023.jpg,1
CW2019_1749_t033.jpg,0
CW2019_1749_t038.jpg,1
CW2019_1749_t039.jpg,0
CW2019_1749_t042.jpg,0
CW2019_1749_t047.jpg,0
CW2019_1749_t058.jpg,0
CW2019_1749_t061.jpg,0
CW2019_1749_t067.jpg,0
CW2019_1749_t072.jpg,0
CW2019_1749_t078.jpg,0
CW2019_1749_t085.jpg,1
CW2019_1749_t099.jpg,0
CW2019_1749_t105.jpg,1
CW2019_1749_t119.jpg,0
CW2019_1749_t123.jpg,1
CW2019_1749_t147.jpg,0
CW2019_1749_t149.jpg,0
CW2019_1749_t152.jpg,0
CW2019_1752_t000.jpg,1
CW2019_1752_t001.jpg,1
CW2019_1752_t007.jpg,0
CW2019_1752_t013.jpg,1
CW2019_1752_t016.jpg,1
CW2019_1752_t017.jpg,0
CW2019_1752_t021.jpg,1
CW2019_1752_t022.jpg,0
CW2019_1752_t023.jpg,1
CW2019_1752_t025.jpg,1
CW2019_1752_t029.jpg,0
CW2019_1752_t034.jpg,0
CW2019_1752_t039.jpg,0
CW2019_1752_t042.jpg,0
CW2019_1752_t043.jpg,1
CW2019_1752_t044.jpg,0
CW2019_1752_t046.jpg,1
CW2019_1752_t048.jpg,0
CW2019_1752_t055.jpg,1
CW2019_1752_t056.jpg,1
CW2019_1752_t057.jpg,0
CW2019_1752_t058.jpg,0
CW2019_1752_t062.jpg,1
CW2019_1752_t068.jpg,1
CW2019_1752_t074.jpg,0
CW2019_1752_t075.jpg,1
CW2019_1752_t079.jpg,0
CW2019_1752_t081.jpg,1
CW2019_1752_t082.jpg,0
CW2019_1752_t084.jpg,0
CW2019_1752_t085.jpg,1
CW2019_1752_t086.jpg,1
CW2019_1752_t088.jpg,1
CW2019_1752_t089.jpg,0
CW2019_1752_t091.jpg,1
CW2019_1752_t093.jpg,1
CW2019_1752_t102.jpg,0
CW2019_1752_t103.jpg,1
CW2019_1752_t109.jpg,0
CW2019_1752_t110.jpg,1
CW2019_1752_t114.jpg,0
CW2019_1752_t116.jpg,1
CW2019_1752_t118.jpg,1
CW2019_1752_t119.jpg,0
CW2019_1752_t121.jpg,1
CW2019_1752_t123.jpg,1
CW2019_1752_t124.jpg,0
CW2019_1752_t126.jpg,0
CW2019_1752_t127.jpg,0
CW2019_1752_t128.jpg,1
CW2019_1752_t129.jpg,0
CW2019_1752_t135.jpg,0
CW2019_1752_t137.jpg,0
CW2019_1752_t138.jpg,0
CW2019_1752_t139.jpg,0
CW2019_1752_t142.jpg,0
CW2019_1752_t143.jpg,0
CW2019_1752_t144.jpg,0
CW2019_1752_t145.jpg,0
CW2019_1752_t146.jpg,0
CW2019_1752_t147.jpg,0
CW2019_1752_t148.jpg,0
CW2019_1762_t001.jpg,1
CW2019_1762_t004.jpg,0
CW2019_1762_t007.jpg,0
CW2019_1762_t016.jpg,1
CW2019_1762_t031.jpg,1
CW2019_1762_t041.jpg,1
CW2019_1762_t043.jpg,1
CW2019_1762_t044.jpg,0
CW2019_1762_t047.jpg,0
CW2019_1762_t060.jpg,1
CW2019_1762_t066.jpg,1
CW2019_1762_t079.jpg,0
CW2019_1762_t087.jpg,0
CW2019_1762_t091.jpg,1
CW2019_1762_t118.jpg,1
CW2019_1762_t120.jpg,0
CW2019_1762_t130.jpg,1
CW2019_1762_t132.jpg,0
CW2019_1762_t136.jpg,1
CW2019_1762_t142.jpg,0
CW2019_1762_t145.jpg,1
CW2019_1762_t147.jpg,0
CW2019_1774_t001.jpg,1
CW2019_1774_t003.jpg,1
CW2019_1774_t007.jpg,0
CW2019_1774_t008.jpg,1
CW2019_1774_t015.jpg,0
CW2019_1774_t018.jpg,1
CW2019_1774_t019.jpg,0
CW2019_1774_t020.jpg,1
CW2019_1774_t021.jpg,1
CW2019_1774_t022.jpg,0
CW2019_1774_t024.jpg,0
CW2019_1774_t029.jpg,0
CW2019_1774_t032.jpg,0
CW2019_1774_t038.jpg,1
CW2019_1774_t041.jpg,1
CW2019_1774_t045.jpg,1
CW2019_1774_t047.jpg,0
CW2019_1774_t051.jpg,0
CW2019_1774_t056.jpg,1
CW2019_1774_t057.jpg,0
CW2019_1774_t059.jpg,0
CW2019_1774_t060.jpg,1
CW2019_1774_t062.jpg,0
CW2019_1774_t064.jpg,0
CW2019_1774_t065.jpg,1
CW2019_1774_t066.jpg,0
CW2019_1774_t070.jpg,1
CW2019_1774_t071.jpg,1
CW2019_1774_t074.jpg,0
CW2019_1774_t075.jpg,1
CW2019_1774_t078.jpg,0
CW2019_1774_t083.jpg,1
CW2019_1774_t084.jpg,0
CW2019_1774_t087.jpg,0
CW2019_1774_t088.jpg,1
CW2019_1774_t092.jpg,0
CW2019_1774_t097.jpg,0
CW2019_1774_t098.jpg,0
CW2019_1774_t099.jpg,0
CW2019_1774_t100.jpg,1
CW2019_1774_t101.jpg,1
CW2019_1774_t103.jpg,1
CW2019_1774_t107.jpg,0
CW2019_1774_t109.jpg,0
CW2019_1774_t113.jpg,0
CW2019_1774_t115.jpg,1
CW2019_1774_t118.jpg,1
CW2019_1774_t120.jpg,1
CW2019_1774_t122.jpg,0
CW2019_1774_t123.jpg,1
CW2019_1774_t128.jpg,1
CW2019_1774_t134.jpg,0
CW2019_1774_t140.jpg,1
CW2019_1774_t141.jpg,1
CW2019_1774_t142.jpg,0
CW2019_1774_t143.jpg,0
CW2019_1774_t144.jpg,0
CW2019_1774_t146.jpg,1
CW2019_1774_t150.jpg,1
CW2019_1774_t152.jpg,0
CW2019_1794_t001.jpg,1
CW2019_1794_t004.jpg,0
CW2019_1794_t006.jpg,0
CW2019_1794_t011.jpg,1
CW2019_1794_t016.jpg,1
CW2019_1794_t020.jpg,1
CW2019_1794_t021.jpg,1
CW2019_1794_t026.jpg,1
CW2019_1794_t031.jpg,1
CW2019_1794_t037.jpg,0
CW2019_1794_t044.jpg,0
CW2019_1794_t050.jpg,1
CW2019_1794_t051.jpg,0
CW2019_1794_t052.jpg,0
CW2019_1794_t067.jpg,0
CW2019_1794_t068.jpg,1
CW2019_1794_t103.jpg,1
CW2019_1794_t106.jpg,1
CW2019_1794_t112.jpg,0
CW2019_1794_t121.jpg,1
CW2019_1794_t137.jpg,0
CW2019_1794_t150.jpg,1
CW2019_1805_t000.jpg,1
CW2019_1805_t002.jpg,0
CW2019_1805_t004.jpg,0
CW2019_1805_t008.jpg,0
CW2019_1805_t011.jpg,1
CW2019_1805_t013.jpg,1
CW2019_1805_t015.jpg,0
CW2019_1805_t016.jpg,1
CW2019_1805_t017.jpg,0
CW2019_1805_t018.jpg,1
CW2019_1805_t028.jpg,1
CW2019_1805_t035.jpg,1
CW2019_1805_t040.jpg,1
CW2019_1805_t043.jpg,1
CW2019_1805_t046.jpg,1
CW2019_1805_t048.jpg,0
CW2019_1805_t050.jpg,1
CW2019_1805_t053.jpg,0
CW2019_1805_t056.jpg,1
CW2019_1805_t057.jpg,0
CW2019_1805_t059.jpg,0
CW2019_1805_t060.jpg,1
CW2019_1805_t063.jpg,1
CW2019_1805_t065.jpg,1
CW2019_1805_t067.jpg,0
CW2019_1805_t068.jpg,1
CW2019_1805_t069.jpg,0
CW2019_1805_t070.jpg,1
CW2019_1805_t073.jpg,1
CW2019_1805_t079.jpg,0
CW2019_1805_t085.jpg,1
CW2019_1805_t086.jpg,1
CW2019_1805_t088.jpg,1
CW2019_1805_t094.jpg,0
CW2019_1805_t099.jpg,0
CW2019_1805_t104.jpg,0
CW2019_1805_t105.jpg,1
CW2019_1805_t106.jpg,1
CW2019_1805_t109.jpg,0
CW2019_1805_t111.jpg,1
CW2019_1805_t112.jpg,0
CW2019_1805_t113.jpg,0
CW2019_1805_t114.jpg,0
CW2019_1805_t115.jpg,1
CW2019_1805_t117.jpg,0
CW2019_1805_t119.jpg,0
CW2019_1805_t121.jpg,1
CW2019_1805_t123.jpg,1
CW2019_1805_t125.jpg,1
CW2019_1805_t131.jpg,1
CW2019_1805_t135.jpg,0
CW2019_1805_t136.jpg,0
CW2019_1805_t137.jpg,0
CW2019_1805_t140.jpg,1
CW2019_1805_t141.jpg,1
CW2019_1805_t142.jpg,0
CW2019_1805_t144.jpg,0
CW2019_1805_t146.jpg,0
CW2019_1805_t147.jpg,0
CW2019_1805_t149.jpg,0
CW2019_1805_t151.jpg,0
CW2019_1808_t007.jpg,0
CW2019_1808_t017.jpg,0
CW2019_1808_t018.jpg,1
CW2019_1808_t024.jpg,0
CW2019_1808_t028.jpg,1
CW2019_1808_t032.jpg,0
CW2019_1808_t042.jpg,0
CW2019_1808_t047.jpg,0
CW2019_1808_t063.jpg,1
CW2019_1808_t065.jpg,1
CW2019_1808_t075.jpg,1
CW2019_1808_t079.jpg,0
CW2019_1808_t093.jpg,1
CW2019_1808_t104.jpg,0
CW2019_1808_t111.jpg,1
CW2019_1808_t114.jpg,0
CW2019_1808_t117.jpg,0
CW2019_1808_t119.jpg,0
CW2019_1808_t126.jpg,0
CW2019_1808_t129.jpg,0
CW2019_1808_t133.jpg,0
CW2019_1808_t143.jpg,0
CW2019_1868_t008.jpg,1
CW2019_1868_t010.jpg,1
CW2019_1868_t019.jpg,1
CW2019_1868_t024.jpg,1
CW2019_1868_t029.jpg,1
CW2019_1868_t031.jpg,1
CW2019_1868_t040.jpg,1
CW2019_1868_t045.jpg,1
CW2019_1868_t046.jpg,1
CW2019_1868_t052.jpg,0
CW2019_1868_t062.jpg,0
CW2019_1868_t068.jpg,1
CW2019_1868_t071.jpg,1
CW2019_1868_t073.jpg,1
CW2019_1868_t078.jpg,0
CW2019_1868_t104.jpg,1
CW2019_1868_t106.jpg,0
CW2019_1868_t109.jpg,1
CW2019_1868_t112.jpg,0
CW2019_1868_t119.jpg,0
CW2019_1868_t124.jpg,0
CW2019_1868_t125.jpg,1
CW2019_1872_t010.jpg,0
CW2019_1872_t014.jpg,0
CW2019_1872_t023.jpg,1
CW2019_1872_t027.jpg,0
CW2019_1872_t028.jpg,1
CW2019_1872_t031.jpg,1
CW2019_1872_t042.jpg,0
CW2019_1872_t045.jpg,1
CW2019_1872_t049.jpg,0
CW2019_1872_t062.jpg,0
CW2019_1872_t067.jpg,0
CW2019_1872_t084.jpg,0
CW2019_1872_t087.jpg,0
CW2019_1872_t092.jpg,0
CW2019_1872_t110.jpg,1
CW2019_1872_t112.jpg,0
CW2019_1872_t119.jpg,0
CW2019_1872_t120.jpg,1
CW2019_1872_t123.jpg,1
CW2019_1872_t128.jpg,1
CW2019_1872_t141.jpg,1
CW2019_1872_t148.jpg,1
CW2019_1876_t009.jpg,0
CW2019_1876_t016.jpg,1
CW2019_1876_t017.jpg,0
CW2019_1876_t024.jpg,0
CW2019_1876_t036.jpg,1
CW2019_1876_t037.jpg,0
CW2019_1876_t042.jpg,0
CW2019_1876_t050.jpg,1
CW2019_1876_t073.jpg,1
CW2019_1876_t082.jpg,0
CW2019_1876_t083.jpg,1
CW2019_1876_t088.jpg,1
CW2019_1876_t100.jpg,1
CW2019_1876_t105.jpg,1
CW2019_1876_t106.jpg,1
CW2019_1876_t109.jpg,0
CW2019_1876_t112.jpg,0
CW2019_1876_t118.jpg,1
CW2019_1876_t132.jpg,0
CW2019_1876_t140.jpg,1
CW2019_1876_t142.jpg,0
CW2019_1876_t145.jpg,0
CW2019_1891_t008.jpg,1
CW2019_1891_t018.jpg,1
CW2019_1891_t023.jpg,1
CW2019_1891_t024.jpg,1
CW2019_1891_t027.jpg,0
CW2019_1891_t030.jpg,1
CW2019_1891_t034.jpg,1
CW2019_1891_t039.jpg,1
CW2019_1891_t055.jpg,0
CW2019_1891_t060.jpg,0
CW2019_1891_t070.jpg,1
CW2019_1891_t075.jpg,1
CW2019_1891_t081.jpg,1
CW2019_1891_t082.jpg,0
CW2019_1891_t096.jpg,1
CW2019_1891_t097.jpg,0
CW2019_1891_t102.jpg,0
CW2019_1891_t105.jpg,1
CW2019_1891_t114.jpg,1
CW2019_1891_t115.jpg,1
CW2019_1891_t117.jpg,0
CW2019_1891_t129.jpg,1
CW2019_1913_t002.jpg,0
CW2019_1913_t006.jpg,0
CW2019_1913_t009.jpg,0
CW2019_1913_t014.jpg,1
CW2019_1913_t022.jpg,0
CW2019_1913_t033.jpg,1
CW2019_1913_t039.jpg,1
CW2019_1913_t042.jpg,0
CW2019_1913_t049.jpg,1
CW2019_1913_t051.jpg,0
CW2019_1913_t067.jpg,0
CW2019_1913_t082.jpg,0
CW2019_1913_t089.jpg,1
CW2019_1913_t093.jpg,1
CW2019_1913_t117.jpg,0
CW2019_1913_t129.jpg,0
CW2019_1913_t130.jpg,0
CW2019_1913_t131.jpg,1
CW2019_1913_t134.jpg,0
CW2019_1913_t138.jpg,0
CW2019_1913_t147.jpg,0
CW2019_1913_t149.jpg,1
CW2019_1953_t003.jpg,0
CW2019_1953_t004.jpg,0
CW2019_1953_t006.jpg,0
CW2019_1953_t017.jpg,0
CW2019_1953_t018.jpg,0
CW2019_1953_t023.jpg,0
CW2019_1953_t033.jpg,0
CW2019_1953_t036.jpg,0
CW2019_1953_t047.jpg,0
CW2019_1953_t056.jpg,0
CW2019_1953_t059.jpg,0
CW2019_1953_t075.jpg,1
CW2019_1953_t078.jpg,1
CW2019_1953_t081.jpg,1
CW2019_1953_t087.jpg,0
CW2019_1953_t088.jpg,1
CW2019_1953_t095.jpg,0
CW2019_1953_t097.jpg,0
CW2019_1953_t114.jpg,1
CW2019_1953_t116.jpg,1
CW2019_1953_t129.jpg,0
CW2019_1953_t139.jpg,1
CW2019_1956_t005.jpg,1
CW2019_1956_t006.jpg,0
CW2019_1956_t007.jpg,0
CW2019_1956_t009.jpg,0
CW2019_1956_t011.jpg,1
CW2019_1956_t012.jpg,0
CW2019_1956_t014.jpg,1
CW2019_1956_t018.jpg,1
CW2019_1956_t019.jpg,1
CW2019_1956_t028.jpg,1
CW2019_1956_t031.jpg,1
CW2019_1956_t032.jpg,0
CW2019_1956_t033.jpg,1
CW2019_1956_t035.jpg,1
CW2019_1956_t042.jpg,0
CW2019_1956_t043.jpg,1
CW2019_1956_t046.jpg,1
CW2019_1956_t049.jpg,1
CW2019_1956_t050.jpg,1
CW2019_1956_t051.jpg,0
CW2019_1956_t052.jpg,0
CW2019_1956_t055.jpg,1
CW2019_1956_t056.jpg,1
CW2019_1956_t058.jpg,1
CW2019_1956_t065.jpg,1
CW2019_1956_t066.jpg,0
CW2019_1956_t070.jpg,1
CW2019_1956_t071.jpg,0
CW2019_1956_t076.jpg,1
CW2019_1956_t081.jpg,1
CW2019_1956_t084.jpg,1
CW2019_1956_t086.jpg,1
CW2019_1956_t088.jpg,1
CW2019_1956_t089.jpg,1
CW2019_1956_t090.jpg,1
CW2019_1956_t092.jpg,0
CW2019_1956_t097.jpg,0
CW2019_1956_t099.jpg,1
CW2019_1956_t100.jpg,1
CW2019_1956_t103.jpg,1
CW2019_1956_t105.jpg,1
CW2019_1956_t106.jpg,1
CW2019_1956_t112.jpg,0
CW2019_1956_t115.jpg,1
CW2019_1956_t116.jpg,1
CW2019_1956_t118.jpg,1
CW2019_1956_t120.jpg,1
CW2019_1956_t121.jpg,1
CW2019_1956_t122.jpg,0
CW2019_1956_t123.jpg,1
CW2019_1956_t124.jpg,0
CW2019_1956_t125.jpg,1
CW2019_1956_t128.jpg,1
CW2019_1956_t130.jpg,0
CW2019_1956_t132.jpg,0
CW2019_1956_t133.jpg,1
CW2019_1956_t135.jpg,0
CW2019_1956_t143.jpg,0
CW2019_1956_t144.jpg,0
CW2019_1956_t145.jpg,0
CW2019_1956_t147.jpg,0
CW2019_1956_t150.jpg,1
CW2019_1956_t151.jpg,0
CW2019_1983_t000.jpg,1
CW2019_1983_t011.jpg,1
CW2019_1983_t029.jpg,1
CW2019_1983_t030.jpg,1
CW2019_1983_t032.jpg,0
CW2019_1983_t043.jpg,1
CW2019_1983_t046.jpg,1
CW2019_1983_t055.jpg,0
CW2019_1983_t071.jpg,1
CW2019_1983_t079.jpg,0
CW2019_1983_t080.jpg,1
CW2019_1983_t081.jpg,1
CW2019_1983_t089.jpg,1
CW2019_1983_t113.jpg,0
CW2019_1983_t114.jpg,1
CW2019_1983_t116.jpg,1
CW2019_1983_t128.jpg,1
CW2019_1983_t131.jpg,1
CW2019_1983_t134.jpg,0
CW2019_1983_t140.jpg,1
CW2019_1983_t149.jpg,1
CW2019_1983_t152.jpg,0
CW2019_1994_t007.jpg,0
CW2019_1994_t010.jpg,1
CW2019_1994_t021.jpg,1
CW2019_1994_t025.jpg,1
CW2019_1994_t050.jpg,1
CW2019_1994_t064.jpg,0
CW2019_1994_t068.jpg,1
CW2019_1994_t070.jpg,1
CW2019_1994_t081.jpg,1
CW2019_1994_t088.jpg,1
CW2019_1994_t089.jpg,0
CW2019_1994_t096.jpg,1
CW2019_1994_t104.jpg,0
CW2019_1994_t111.jpg,1
CW2019_1994_t115.jpg,1
CW2019_1994_t116.jpg,1
CW2019_1994_t118.jpg,1
CW2019_1994_t121.jpg,1
CW2019_1994_t124.jpg,0
CW2019_1994_t127.jpg,0
CW2019_1994_t131.jpg,1
CW2019_1994_t149.jpg,0
CW2019_2041_t001.jpg,0
CW2019_2041_t013.jpg,0
CW2019_2041_t015.jpg,0
CW2019_2041_t021.jpg,0
CW2019_2041_t051.jpg,0
CW2019_2041_t058.jpg,0
CW2019_2041_t059.jpg,0
CW2019_2041_t060.jpg,0
CW2019_2041_t072.jpg,0
CW2019_2041_t076.jpg,1
CW2019_2041_t077.jpg,0
CW2019_2041_t085.jpg,1
CW2019_2041_t094.jpg,1
CW2019_2041_t098.jpg,1
CW2019_2041_t099.jpg,1
CW2019_2041_t105.jpg,1
CW2019_2041_t107.jpg,0
CW2019_2041_t112.jpg,0
CW2019_2041_t118.jpg,1
CW2019_2041_t125.jpg,1
CW2019_2041_t138.jpg,0
CW2019_2041_t143.jpg,0
CW2019_2082_t000.jpg,0
CW2019_2082_t001.jpg,0
CW2019_2082_t002.jpg,0
CW2019_2082_t004.jpg,0
CW2019_2082_t007.jpg,0
CW2019_2082_t014.jpg,1
CW2019_2082_t017.jpg,0
CW2019_2082_t021.jpg,1
CW2019_2082_t023.jpg,1
CW2019_2082_t024.jpg,1
CW2019_2082_t029.jpg,1
CW2019_2082_t031.jpg,1
CW2019_2082_t034.jpg,0
CW2019_2082_t035.jpg,0
CW2019_2082_t036.jpg,1
CW2019_2082_t037.jpg,0
CW2019_2082_t044.jpg,0
CW2019_2082_t046.jpg,1
CW2019_2082_t048.jpg,0
CW2019_2082_t049.jpg,1
CW2019_2082_t050.jpg,0
CW2019_2082_t051.jpg,0
CW2019_2082_t053.jpg,1
CW2019_2082_t056.jpg,1
CW2019_2082_t060.jpg,0
CW2019_2082_t061.jpg,1
CW2019_2082_t064.jpg,1
CW2019_2082_t066.jpg,0
CW2019_2082_t069.jpg,1
CW2019_2082_t071.jpg,1
CW2019_2082_t074.jpg,1
CW2019_2082_t075.jpg,0
CW2019_2082_t076.jpg,1
CW2019_2082_t083.jpg,1
CW2019_2082_t084.jpg,1
CW2019_2082_t086.jpg,1
CW2019_2082_t087.jpg,0
CW2019_2082_t093.jpg,1
CW2019_2082_t097.jpg,0
CW2019_2082_t099.jpg,1
CW2019_2082_t106.jpg,1
CW2019_2082_t112.jpg,0
CW2019_2082_t114.jpg,1
CW2019_2082_t115.jpg,0
CW2019_2082_t121.jpg,1
CW2019_2082_t123.jpg,1
CW2019_2082_t124.jpg,1
CW2019_2082_t125.jpg,0
CW2019_2082_t126.jpg,0
CW2019_2082_t127.jpg,0
CW2019_2082_t128.jpg,1
CW2019_2082_t129.jpg,0
CW2019_2082_t132.jpg,0
CW2019_2082_t133.jpg,1
CW2019_2082_t142.jpg,0
CW2019_2082_t144.jpg,0
CW2019_2082_t145.jpg,0
CW2019_2082_t146.jpg,0
CW2019_2082_t148.jpg,1
CW2019_2098_t002.jpg,0
CW2019_2098_t008.jpg,1
CW2019_2098_t024.jpg,1
CW2019_2098_t037.jpg,0
CW2019_2098_t044.jpg,1
CW2019_2098_t047.jpg,0
CW2019_2098_t048.jpg,1
CW2019_2098_t060.jpg,0
CW2019_2098_t065.jpg,0
CW2019_2098_t076.jpg,1
CW2019_2098_t086.jpg,1
CW2019_2098_t088.jpg,1
CW2019_2098_t092.jpg,0
CW2019_2098_t096.jpg,1
CW2019_2098_t102.jpg,0
CW2019_2098_t104.jpg,1
CW2019_2098_t108.jpg,1
CW2019_2098_t109.jpg,1
CW2019_2098_t120.jpg,0
CW2019_2098_t138.jpg,0
CW2019_2098_t139.jpg,1
CW2019_2098_t152.jpg,0
CW2019_2127_t007.jpg,0
CW2019_2127_t016.jpg,0
CW2019_2127_t023.jpg,1
CW2019_2127_t027.jpg,0
CW2019_2127_t028.jpg,1
CW2019_2127_t037.jpg,0
CW2019_2127_t039.jpg,1
CW2019_2127_t041.jpg,1
CW2019_2127_t044.jpg,1
CW2019_2127_t051.jpg,0
CW2019_2127_t061.jpg,1
CW2019_2127_t062.jpg,0
CW2019_2127_t079.jpg,0
CW2019_2127_t089.jpg,1
CW2019_2127_t094.jpg,1
CW2019_2127_t097.jpg,0
CW2019_2127_t104.jpg,1
CW2019_2127_t112.jpg,0
CW2019_2127_t123.jpg,1
CW2019_2127_t125.jpg,0
CW2019_2127_t126.jpg,1
CW2019_2127_t150.jpg,0
CW2019_2128_t001.jpg,1
CW2019_2128_t003.jpg,0
CW2019_2128_t006.jpg,0
CW2019_2128_t010.jpg,0
CW2019_2128_t011.jpg,1
CW2019_2128_t013.jpg,1
CW2019_2128_t020.jpg,0
CW2019_2128_t021.jpg,1
CW2019_2128_t022.jpg,0
CW2019_2128_t023.jpg,1
CW2019_2128_t024.jpg,1
CW2019_2128_t026.jpg,1
CW2019_2128_t029.jpg,1
CW2019_2128_t033.jpg,0
CW2019_2128_t037.jpg,0
CW2019_2128_t038.jpg,1
CW2019_2128_t039.jpg,1
CW2019_2128_t042.jpg,0
CW2019_2128_t043.jpg,1
CW2019_2128_t047.jpg,0
CW2019_2128_t048.jpg,0
CW2019_2128_t050.jpg,0
CW2019_2128_t052.jpg,0
CW2019_2128_t054.jpg,1
CW2019_2128_t056.jpg,1
CW2019_2128_t057.jpg,0
CW2019_2128_t059.jpg,1
CW2019_2128_t061.jpg,1
CW2019_2128_t064.jpg,1
CW2019_2128_t065.jpg,0
CW2019_2128_t069.jpg,1
CW2019_2128_t077.jpg,0
CW2019_2128_t081.jpg,1
CW2019_2128_t082.jpg,0
CW2019_2128_t090.jpg,0
CW2019_2128_t093.jpg,1
CW2019_2128_t094.jpg,1
CW2019_2128_t095.jpg,0
CW2019_2128_t097.jpg,0
CW2019_2128_t098.jpg,0
CW2019_2128_t099.jpg,1
CW2019_2128_t100.jpg,0
CW2019_2128_t102.jpg,0
CW2019_2128_t103.jpg,1
CW2019_2128_t105.jpg,0
CW2019_2128_t106.jpg,1
CW2019_2128_t107.jpg,0
CW2019_2128_t109.jpg,1
CW2019_2128_t115.jpg,0
CW2019_2128_t118.jpg,1
CW2019_2128_t120.jpg,0
CW2019_2128_t125.jpg,0
CW2019_2128_t127.jpg,0
CW2019_2128_t128.jpg,1
CW2019_2128_t131.jpg,1
CW2019_2128_t135.jpg,0
CW2019_2128_t136.jpg,0
CW2019_2128_t138.jpg,0
CW2019_2128_t140.jpg,0
CW2019_2128_t149.jpg,1
CW2019_2140_t000.jpg,0
CW2019_2140_t004.jpg,0
CW2019_2140_t019.jpg,1
CW2019_2140_t033.jpg,0
CW2019_2140_t038.jpg,1
CW2019_2140_t040.jpg,0
CW2019_2140_t054.jpg,1
CW2019_2140_t056.jpg,1
CW2019_2140_t073.jpg,1
CW2019_2140_t076.jpg,1
CW2019_2140_t078.jpg,0
CW2019_2140_t081.jpg,1
CW2019_2140_t086.jpg,1
CW2019_2140_t091.jpg,1
CW2019_2140_t098.jpg,1
CW2019_2140_t115.jpg,0
CW2019_2140_t116.jpg,1
CW2019_2140_t122.jpg,0
CW2019_2140_t129.jpg,0
CW2019_2140_t131.jpg,1
CW2019_2140_t136.jpg,0
CW2019_2140_t142.jpg,0
CW2019_2142_t008.jpg,1
CW2019_2142_t021.jpg,1
CW2019_2142_t022.jpg,0
CW2019_2142_t025.jpg,0
CW2019_2142_t031.jpg,1
CW2019_2142_t034.jpg,1
CW2019_2142_t037.jpg,0
CW2019_2142_t040.jpg,0
CW2019_2142_t042.jpg,0
CW2019_2142_t045.jpg,0
CW2019_2142_t050.jpg,0
CW2019_2142_t066.jpg,0
CW2019_2142_t074.jpg,1
CW2019_2142_t078.jpg,0
CW2019_2142_t083.jpg,1
CW2019_2142_t089.jpg,1
CW2019_2142_t110.jpg,0
CW2019_2142_t120.jpg,0
CW2019_2142_t123.jpg,1
CW2019_2142_t125.jpg,0
CW2019_2142_t129.jpg,0
CW2019_2142_t151.jpg,0
CW2019_2178_t002.jpg,1
CW2019_2178_t005.jpg,1
CW2019_2178_t007.jpg,0
CW2019_2178_t008.jpg,1
CW2019_2178_t012.jpg,0
CW2019_2178_t013.jpg,1
CW2019_2178_t016.jpg,0
CW2019_2178_t017.jpg,0
CW2019_2178_t021.jpg,1
CW2019_2178_t022.jpg,0
CW2019_2178_t023.jpg,1
CW2019_2178_t024.jpg,1
CW2019_2178_t027.jpg,0
CW2019_2178_t032.jpg,0
CW2019_2178_t035.jpg,0
CW2019_2178_t039.jpg,1
CW2019_2178_t042.jpg,0
CW2019_2178_t044.jpg,0
CW2019_2178_t047.jpg,0
CW2019_2178_t048.jpg,0
CW2019_2178_t049.jpg,1
CW2019_2178_t050.jpg,0
CW2019_2178_t051.jpg,0
CW2019_2178_t053.jpg,1
CW2019_2178_t054.jpg,1
CW2019_2178_t056.jpg,1
CW2019_2178_t058.jpg,0
CW2019_2178_t059.jpg,1
CW2019_2178_t063.jpg,1
CW2019_2178_t065.jpg,0
CW2019_2178_t067.jpg,0
CW2019_2178_t070.jpg,0
CW2019_2178_t071.jpg,1
CW2019_2178_t077.jpg,0
CW2019_2178_t079.jpg,0
CW2019_2178_t085.jpg,0
CW2019_2178_t086.jpg,1
CW2019_2178_t090.jpg,0
CW2019_2178_t091.jpg,1
CW2019_2178_t095.jpg,0
CW2019_2178_t096.jpg,1
CW2019_2178_t098.jpg,0
CW2019_2178_t099.jpg,1
CW2019_2178_t105.jpg,0
CW2019_2178_t107.jpg,0
CW2019_2178_t114.jpg,1
CW2019_2178_t117.jpg,0
CW2019_2178_t121.jpg,1
CW2019_2178_t123.jpg,1
CW2019_2178_t125.jpg,0
CW2019_2178_t127.jpg,0
CW2019_2178_t128.jpg,1
CW2019_2178_t133.jpg,1
CW2019_2178_t134.jpg,0
CW2019_2178_t138.jpg,0
CW2019_2178_t139.jpg,1
CW2019_2178_t141.jpg,1
CW2019_2178_t142.jpg,0
CW2019_2178_t143.jpg,0
CW2019_2178_t144.jpg,0
CW2019_2189_t001.jpg,1
CW2019_2189_t009.jpg,1
CW2019_2189_t011.jpg,1
CW2019_2189_t032.jpg,0
CW2019_2189_t038.jpg,1
CW2019_2189_t050.jpg,0
CW2019_2189_t056.jpg,1
CW2019_2189_t066.jpg,0
CW2019_2189_t072.jpg,0
CW2019_2189_t081.jpg,1
CW2019_2189_t084.jpg,1
CW2019_2189_t093.jpg,1
CW2019_2189_t102.jpg,0
CW2019_2189_t117.jpg,0
CW2019_2189_t119.jpg,0
CW2019_2189_t121.jpg,1
CW2019_2189_t125.jpg,0
CW2019_2189_t127.jpg,0
CW2019_2189_t133.jpg,1
CW2019_2189_t134.jpg,0
CW2019_2189_t139.jpg,1
CW2019_2189_t141.jpg,1
CW2019_2216_t001.jpg,1
CW2019_2216_t004.jpg,1
CW2019_2216_t005.jpg,0
CW2019_2216_t010.jpg,0
CW2019_2216_t018.jpg,1
CW2019_2216_t022.jpg,1
CW2019_2216_t027.jpg,1
CW2019_2216_t028.jpg,1
CW2019_2216_t030.jpg,0
CW2019_2216_t035.jpg,0
CW2019_2216_t036.jpg,0
CW2019_2216_t039.jpg,1
CW2019_2216_t042.jpg,1
CW2019_2216_t046.jpg,1
CW2019_2216_t049.jpg,1
CW2019_2216_t050.jpg,0
CW2019_2216_t051.jpg,0
CW2019_2216_t053.jpg,1
CW2019_2216_t055.jpg,0
CW2019_2216_t056.jpg,1
CW2019_2216_t057.jpg,1
CW2019_2216_t065.jpg,0
CW2019_2216_t066.jpg,1
CW2019_2216_t073.jpg,1
CW2019_2216_t074.jpg,1
CW2019_2216_t075.jpg,0
CW2019_2216_t082.jpg,1
CW2019_2216_t085.jpg,0
CW2019_2216_t088.jpg,1
CW2019_2216_t094.jpg,1
CW2019_2216_t095.jpg,0
CW2019_2216_t096.jpg,1
CW2019_2216_t097.jpg,1
CW2019_2216_t101.jpg,1
CW2019_2216_t109.jpg,1
CW2019_2216_t110.jpg,0
CW2019_2216_t111.jpg,1
CW2019_2216_t115.jpg,0
CW2019_2216_t118.jpg,1
CW2019_2216_t119.jpg,0
CW2019_2216_t120.jpg,0
CW2019_2216_t122.jpg,0
CW2019_2216_t123.jpg,1
CW2019_2216_t124.jpg,0
CW2019_2216_t126.jpg,1
CW2019_2216_t127.jpg,1
CW2019_2216_t129.jpg,1
CW2019_2216_t130.jpg,0
CW2019_2216_t131.jpg,1
CW2019_2216_t132.jpg,1
CW2019_2216_t133.jpg,1
CW2019_2216_t135.jpg,0
CW2019_2216_t137.jpg,0
CW2019_2216_t139.jpg,1
CW2019_2216_t141.jpg,1
CW2019_2216_t142.jpg,1
CW2019_2216_t143.jpg,1
CW2019_2216_t148.jpg,1
CW2019_2216_t150.jpg,0
CW2019_2238_t000.jpg,0
CW2019_2238_t003.jpg,1
CW2019_2238_t007.jpg,1
CW2019_2238_t015.jpg,0
CW2019_2238_t017.jpg,1
CW2019_2238_t021.jpg,1
CW2019_2238_t024.jpg,1
CW2019_2238_t026.jpg,1
CW2019_2238_t044.jpg,0
CW2019_2238_t053.jpg,1
CW2019_2238_t054.jpg,1
CW2019_2238_t072.jpg,1
CW2019_2238_t077.jpg,0
CW2019_2238_t081.jpg,1
CW2019_2238_t093.jpg,1
CW2019_2238_t096.jpg,1
CW2019_2238_t101.jpg,1
CW2019_2238_t104.jpg,1
CW2019_2238_t117.jpg,1
CW2019_2238_t128.jpg,1
CW2019_2238_t129.jpg,0
CW2019_2238_t142.jpg,0
CW2019_2242_t003.jpg,1
CW2019_2242_t017.jpg,1
CW2019_2242_t020.jpg,0
CW2019_2242_t022.jpg,1
CW2019_2242_t026.jpg,1
CW2019_2242_t031.jpg,1
CW2019_2242_t037.jpg,1
CW2019_2242_t047.jpg,1
CW2019_2242_t048.jpg,0
CW2019_2242_t051.jpg,0
CW2019_2242_t064.jpg,1
CW2019_2242_t070.jpg,0
CW2019_2242_t071.jpg,1
CW2019_2242_t078.jpg,0
CW2019_2242_t083.jpg,1
CW2019_2242_t085.jpg,0
CW2019_2242_t093.jpg,1
CW2019_2242_t098.jpg,1
CW2019_2242_t127.jpg,1
CW2019_2242_t131.jpg,1
CW2019_2242_t138.jpg,0
CW2019_2242_t139.jpg,1
CW2019_2257_t002.jpg,1
CW2019_2257_t003.jpg,1
CW2019_2257_t030.jpg,0
CW2019_2257_t031.jpg,1
CW2019_2257_t034.jpg,1
CW2019_2257_t035.jpg,0
CW2019_2257_t041.jpg,1
CW2019_2257_t044.jpg,0
CW2019_2257_t047.jpg,1
CW2019_2257_t048.jpg,0
CW2019_2257_t057.jpg,0
CW2019_2257_t078.jpg,1
CW2019_2257_t082.jpg,1
CW2019_2257_t085.jpg,0
CW2019_2257_t087.jpg,1
CW2019_2257_t101.jpg,1
CW2019_2257_t105.jpg,0
CW2019_2257_t111.jpg,1
CW2019_2257_t113.jpg,1
CW2019_2257_t118.jpg,1
CW2019_2257_t134.jpg,1
CW2019_2257_t140.jpg,0
CW2019_2271_t000.jpg,0
CW2019_2271_t013.jpg,1
CW2019_2271_t016.jpg,0
CW2019_2271_t018.jpg,1
CW2019_2271_t019.jpg,1
CW2019_2271_t020.jpg,0
CW2019_2271_t023.jpg,1
CW2019_2271_t035.jpg,0
CW2019_2271_t037.jpg,1
CW2019_2271_t038.jpg,1
CW2019_2271_t043.jpg,1
CW2019_2271_t053.jpg,1
CW2019_2271_t057.jpg,1
CW2019_2271_t066.jpg,1
CW2019_2271_t076.jpg,1
CW2019_2271_t082.jpg,1
CW2019_2271_t085.jpg,0
CW2019_2271_t088.jpg,1
CW2019_2271_t106.jpg,1
CW2019_2271_t118.jpg,1
CW2019_2271_t119.jpg,0
CW2019_2271_t145.jpg,0
CW2019_2278_t003.jpg,1
CW2019_2278_t004.jpg,0
CW2019_2278_t009.jpg,1
CW2019_2278_t010.jpg,0
CW2019_2278_t015.jpg,0
CW2019_2278_t016.jpg,0
CW2019_2278_t018.jpg,1
CW2019_2278_t019.jpg,1
CW2019_2278_t020.jpg,0
CW2019_2278_t022.jpg,1
CW2019_2278_t023.jpg,1
CW2019_2278_t025.jpg,0
CW2019_2278_t026.jpg,0
CW2019_2278_t027.jpg,1
CW2019_2278_t031.jpg,1
CW2019_2278_t033.jpg,0
CW2019_2278_t034.jpg,1
CW2019_2278_t036.jpg,0
CW2019_2278_t037.jpg,1
CW2019_2278_t038.jpg,1
CW2019_2278_t039.jpg,1
CW2019_2278_t046.jpg,1
CW2019_2278_t049.jpg,1
CW2019_2278_t050.jpg,0
CW2019_2278_t051.jpg,0
CW2019_2278_t052.jpg,0
CW2019_2278_t054.jpg,1
CW2019_2278_t057.jpg,0
CW2019_2278_t066.jpg,1
CW2019_2278_t067.jpg,1
CW2019_2278_t069.jpg,1
CW2019_2278_t072.jpg,1
CW2019_2278_t073.jpg,1
CW2019_2278_t077.jpg,0
CW2019_2278_t078.jpg,1
CW2019_2278_t079.jpg,0
CW2019_2278_t087.jpg,1
CW2019_2278_t090.jpg,0
CW2019_2278_t092.jpg,1
CW2019_2278_t094.jpg,1
CW2019_2278_t095.jpg,0
CW2019_2278_t096.jpg,1
CW2019_2278_t097.jpg,1
CW2019_2278_t103.jpg,1
CW2019_2278_t107.jpg,0
CW2019_2278_t109.jpg,1
CW2019_2278_t111.jpg,1
CW2019_2278_t115.jpg,0
CW2019_2278_t117.jpg,1
CW2019_2278_t120.jpg,0
CW2019_2278_t123.jpg,1
CW2019_2278_t125.jpg,0
CW2019_2278_t128.jpg,1
CW2019_2278_t139.jpg,1
CW2019_2278_t141.jpg,1
CW2019_2278_t146.jpg,1
CW2019_2278_t147.jpg,0
CW2019_2278_t148.jpg,1
CW2019_2282_t002.jpg,1
CW2019_2282_t005.jpg,0
CW2019_2282_t010.jpg,0
CW2019_2282_t011.jpg,1
CW2019_2282_t013.jpg,1
CW2019_2282_t016.jpg,1
CW2019_2282_t021.jpg,1
CW2019_2282_t022.jpg,1
CW2019_2282_t023.jpg,1
CW2019_2282_t025.jpg,0
CW2019_2282_t029.jpg,1
CW2019_2282_t032.jpg,0
CW2019_2282_t034.jpg,1
CW2019_2282_t038.jpg,1
CW2019_2282_t040.jpg,0
CW2019_2282_t041.jpg,1
CW2019_2282_t043.jpg,1
CW2019_2282_t044.jpg,0
CW2019_2282_t045.jpg,0
CW2019_2282_t048.jpg,0
CW2019_2282_t049.jpg,1
CW2019_2282_t055.jpg,0
CW2019_2282_t057.jpg,0
CW2019_2282_t062.jpg,1
CW2019_2282_t065.jpg,0
CW2019_2282_t072.jpg,1
CW2019_2282_t073.jpg,1
CW2019_2282_t074.jpg,1
CW2019_2282_t076.jpg,1
CW2019_2282_t077.jpg,0
CW2019_2282_t078.jpg,1
CW2019_2282_t080.jpg,0
CW2019_2282_t082.jpg,1
CW2019_2282_t085.jpg,0
CW2019_2282_t086.jpg,1
CW2019_2282_t094.jpg,1
CW2019_2282_t095.jpg,0
CW2019_2282_t096.jpg,1
CW2019_2282_t098.jpg,1
CW2019_2282_t102.jpg,1
CW2019_2282_t108.jpg,1
CW2019_2282_t112.jpg,1
CW2019_2282_t113.jpg,1
CW2019_2282_t114.jpg,1
CW2019_2282_t117.jpg,1
CW2019_2282_t119.jpg,1
CW2019_2282_t122.jpg,1
CW2019_2282_t124.jpg,0
CW2019_2282_t125.jpg,0
CW2019_2282_t128.jpg,1
CW2019_2282_t130.jpg,0
CW2019_2282_t132.jpg,0
CW2019_2282_t133.jpg,1
CW2019_2282_t134.jpg,1
CW2019_2282_t136.jpg,1
CW2019_2282_t137.jpg,0
CW2019_2282_t138.jpg,0
CW2019_2282_t144.jpg,0
CW2019_2282_t147.jpg,1
CW2019_2282_t149.jpg,1
CW2019_2282_t151.jpg,1
CW2019_2283_t002.jpg,1
CW2019_2283_t006.jpg,0
CW2019_2283_t008.jpg,1
CW2019_2283_t010.jpg,0
CW2019_2283_t011.jpg,1
CW2019_2283_t012.jpg,1
CW2019_2283_t015.jpg,0
CW2019_2283_t016.jpg,1
CW2019_2283_t019.jpg,1
CW2019_2283_t023.jpg,1
CW2019_2283_t024.jpg,1
CW2019_2283_t025.jpg,0
CW2019_2283_t026.jpg,0
CW2019_2283_t027.jpg,1
CW2019_2283_t028.jpg,1
CW2019_2283_t030.jpg,0
CW2019_2283_t032.jpg,0
CW2019_2283_t033.jpg,0
CW2019_2283_t035.jpg,0
CW2019_2283_t037.jpg,1
CW2019_2283_t038.jpg,1
CW2019_2283_t039.jpg,0
CW2019_2283_t040.jpg,0
CW2019_2283_t042.jpg,1
CW2019_2283_t047.jpg,1
CW2019_2283_t058.jpg,1
CW2019_2283_t061.jpg,1
CW2019_2283_t067.jpg,1
CW2019_2283_t068.jpg,1
CW2019_2283_t069.jpg,1
CW2019_2283_t072.jpg,1
CW2019_2283_t077.jpg,0
CW2019_2283_t078.jpg,1
CW2019_2283_t085.jpg,0
CW2019_2283_t086.jpg,1
CW2019_2283_t090.jpg,0
CW2019_2283_t093.jpg,1
CW2019_2283_t099.jpg,1
CW2019_2283_t100.jpg,0
CW2019_2283_t105.jpg,0
CW2019_2283_t106.jpg,1
CW2019_2283_t107.jpg,0
CW2019_2283_t112.jpg,1
CW2019_2283_t119.jpg,0
CW2019_2283_t120.jpg,0
CW2019_2283_t122.jpg,1
CW2019_2283_t123.jpg,1
CW2019_2283_t131.jpg,1
CW2019_2283_t132.jpg,0
CW2019_2283_t133.jpg,1
CW2019_2283_t135.jpg,0
CW2019_2283_t136.jpg,1
CW2019_2283_t140.jpg,0
CW2019_2283_t142.jpg,0
CW2019_2283_t144.jpg,0
CW2019_2283_t145.jpg,0
CW2019_2283_t146.jpg,1
CW2019_2283_t147.jpg,0
CW2019_2283_t148.jpg,1
CW2019_2283_t149.jpg,1
CW2019_2283_t151.jpg,0
CW2019_2283_t152.jpg,1
CW2019_2301_t008.jpg,0
CW2019_2301_t018.jpg,0
CW2019_2301_t023.jpg,0
CW2019_2301_t029.jpg,0
CW2019_2301_t030.jpg,0
CW2019_2301_t031.jpg,0
CW2019_2301_t037.jpg,0
CW2019_2301_t041.jpg,1
CW2019_2301_t044.jpg,0
CW2019_2301_t052.jpg,0
CW2019_2301_t056.jpg,0
CW2019_2301_t075.jpg,0
CW2019_2301_t090.jpg,0
CW2019_2301_t094.jpg,1
CW2019_2301_t100.jpg,0
CW2019_2301_t102.jpg,1
CW2019_2301_t123.jpg,1
CW2019_2301_t126.jpg,0
CW2019_2301_t142.jpg,1
CW2019_2301_t143.jpg,0
CW2019_2301_t144.jpg,1
CW2019_2301_t150.jpg,0
CW2019_2305_t003.jpg,1
CW2019_2305_t004.jpg,1
CW2019_2305_t005.jpg,0
CW2019_2305_t011.jpg,1
CW2019_2305_t031.jpg,1
CW2019_2305_t046.jpg,1
CW2019_2305_t054.jpg,1
CW2019_2305_t070.jpg,0
CW2019_2305_t071.jpg,1
CW2019_2305_t077.jpg,0
CW2019_2305_t078.jpg,0
CW2019_2305_t089.jpg,1
CW2019_2305_t091.jpg,1
CW2019_2305_t094.jpg,1
CW2019_2305_t109.jpg,1
CW2019_2305_t110.jpg,0
CW2019_2305_t111.jpg,1
CW2019_2305_t116.jpg,1
CW2019_2305_t127.jpg,1
CW2019_2305_t137.jpg,0
CW2019_2305_t138.jpg,1
CW2019_2305_t139.jpg,1
CW2019_2349_t003.jpg,0
CW2019_2349_t007.jpg,1
CW2019_2349_t011.jpg,1
CW2019_2349_t021.jpg,1
CW2019_2349_t027.jpg,1
CW2019_2349_t032.jpg,1
CW2019_2349_t035.jpg,0
CW2019_2349_t039.jpg,0
CW2019_2349_t045.jpg,0
CW2019_2349_t047.jpg,1
CW2019_2349_t049.jpg,1
CW2019_2349_t070.jpg,0
CW2019_2349_t071.jpg,1
CW2019_2349_t092.jpg,1
CW2019_2349_t095.jpg,0
CW2019_2349_t099.jpg,1
CW2019_2349_t126.jpg,0
CW2019_2349_t131.jpg,1
CW2019_2349_t135.jpg,0
CW2019_2349_t136.jpg,1
CW2019_2349_t138.jpg,0
CW2019_2349_t142.jpg,0
CW2019_2350_t002.jpg,1
CW2019_2350_t005.jpg,0
CW2019_2350_t011.jpg,1
CW2019_2350_t022.jpg,1
CW2019_2350_t024.jpg,1
CW2019_2350_t033.jpg,0
CW2019_2350_t042.jpg,1
CW2019_2350_t052.jpg,0
CW2019_2350_t065.jpg,0
CW2019_2350_t070.jpg,0
CW2019_2350_t080.jpg,0
CW2019_2350_t086.jpg,1
CW2019_2350_t087.jpg,1
CW2019_2350_t091.jpg,1
CW2019_2350_t094.jpg,1
CW2019_2350_t101.jpg,1
CW2019_2350_t104.jpg,1
CW2019_2350_t113.jpg,0
CW2019_2350_t122.jpg,1
CW2019_2350_t123.jpg,0
CW2019_2350_t129.jpg,0
CW2019_2350_t151.jpg,1
CW2019_2352_t004.jpg,1
CW2019_2352_t005.jpg,0
CW2019_2352_t006.jpg,0
CW2019_2352_t010.jpg,0
CW2019_2352_t013.jpg,0
CW2019_2352_t018.jpg,0
CW2019_2352_t028.jpg,0
CW2019_2352_t046.jpg,1
CW2019_2352_t049.jpg,1
CW2019_2352_t062.jpg,1
CW2019_2352_t064.jpg,1
CW2019_2352_t069.jpg,1
CW2019_2352_t078.jpg,0
CW2019_2352_t080.jpg,0
CW2019_2352_t094.jpg,1
CW2019_2352_t095.jpg,0
CW2019_2352_t105.jpg,0
CW2019_2352_t109.jpg,1
CW2019_2352_t112.jpg,0
CW2019_2352_t120.jpg,0
CW2019_2352_t142.jpg,0
CW2019_2352_t147.jpg,1
CW2019_2391_t001.jpg,1
CW2019_2391_t008.jpg,1
CW2019_2391_t011.jpg,1
CW2019_2391_t015.jpg,0
CW2019_2391_t016.jpg,1
CW2019_2391_t050.jpg,0
CW2019_2391_t072.jpg,1
CW2019_2391_t077.jpg,0
CW2019_2391_t085.jpg,0
CW2019_2391_t090.jpg,0
CW2019_2391_t091.jpg,1
CW2019_2391_t092.jpg,1
CW2019_2391_t098.jpg,1
CW2019_2391_t101.jpg,1
CW2019_2391_t107.jpg,0
CW2019_2391_t121.jpg,1
CW2019_2391_t124.jpg,0
CW2019_2391_t127.jpg,1
CW2019_2391_t137.jpg,0
CW2019_2391_t142.jpg,0
CW2019_2391_t147.jpg,0
CW2019_2391_t150.jpg,0
CW2019_2414_t022.jpg,1
CW2019_2414_t034.jpg,0
CW2019_2414_t038.jpg,0
CW2019_2414_t045.jpg,0
CW2019_2414_t051.jpg,0
CW2019_2414_t054.jpg,0
CW2019_2414_t055.jpg,0
CW2019_2414_t058.jpg,0
CW2019_2414_t063.jpg,0
CW2019_2414_t064.jpg,1
CW2019_2414_t095.jpg,0
CW2019_2414_t097.jpg,1
CW2019_2414_t098.jpg,0
CW2019_2414_t099.jpg,1
CW2019_2414_t103.jpg,0
CW2019_2414_t107.jpg,0
CW2019_2414_t118.jpg,0
CW2019_2414_t125.jpg,0
CW2019_2414_t135.jpg,0
CW2019_2414_t137.jpg,0
CW2019_2414_t145.jpg,0
CW2019_2414_t150.jpg,0
CW2019_2437_t001.jpg,1
CW2019_2437_t006.jpg,0
CW2019_2437_t007.jpg,1
CW2019_2437_t012.jpg,1
CW2019_2437_t016.jpg,0
CW2019_2437_t020.jpg,1
CW2019_2437_t022.jpg,1
CW2019_2437_t023.jpg,0
CW2019_2437_t028.jpg,0
CW2019_2437_t031.jpg,1
CW2019_2437_t032.jpg,0
CW2019_2437_t036.jpg,0
CW2019_2437_t037.jpg,1
CW2019_2437_t040.jpg,1
CW2019_2437_t042.jpg,1
CW2019_2437_t043.jpg,0
CW2019_2437_t044.jpg,0
CW2019_2437_t045.jpg,0
CW2019_2437_t046.jpg,1
CW2019_2437_t047.jpg,1
CW2019_2437_t051.jpg,0
CW2019_2437_t052.jpg,0
CW2019_2437_t055.jpg,0
CW2019_2437_t056.jpg,0
CW2019_2437_t058.jpg,0
CW2019_2437_t067.jpg,1
CW2019_2437_t075.jpg,1
CW2019_2437_t079.jpg,0
CW2019_2437_t080.jpg,1
CW2019_2437_t082.jpg,1
CW2019_2437_t084.jpg,1
CW2019_2437_t085.jpg,1
CW2019_2437_t086.jpg,1
CW2019_2437_t089.jpg,1
CW2019_2437_t091.jpg,1
CW2019_2437_t093.jpg,0
CW2019_2437_t094.jpg,1
CW2019_2437_t097.jpg,1
CW2019_2437_t100.jpg,1
CW2019_2437_t103.jpg,0
CW2019_2437_t104.jpg,1
CW2019_2437_t108.jpg,0
CW2019_2437_t110.jpg,1
CW2019_2437_t112.jpg,1
CW2019_2437_t115.jpg,1
CW2019_2437_t116.jpg,1
CW2019_2437_t117.jpg,1
CW2019_2437_t118.jpg,0
CW2019_2437_t124.jpg,1
CW2019_2437_t126.jpg,0
CW2019_2437_t128.jpg,0
CW2019_2437_t129.jpg,1
CW2019_2437_t136.jpg,1
CW2019_2437_t137.jpg,0
CW2019_2437_t142.jpg,1
CW2019_2437_t143.jpg,0
CW2019_2437_t144.jpg,1
CW2019_2437_t148.jpg,0
CW2019_2437_t150.jpg,1
CW2019_2504_t012.jpg,1
CW2019_2504_t022.jpg,1
CW2019_2504_t041.jpg,1
CW2019_2504_t049.jpg,1
CW2019_2504_t054.jpg,1
CW2019_2504_t056.jpg,0
CW2019_2504_t065.jpg,1
CW2019_2504_t073.jpg,0
CW2019_2504_t084.jpg,1
CW2019_2504_t091.jpg,1
CW2019_2504_t093.jpg,0
CW2019_2504_t112.jpg,1
CW2019_2504_t113.jpg,0
CW2019_2504_t119.jpg,1
CW2019_2504_t124.jpg,0
CW2019_2504_t128.jpg,0
CW2019_2504_t136.jpg,1
CW2019_2504_t138.jpg,0
CW2019_2504_t145.jpg,0
CW2019_2504_t148.jpg,0
CW2019_2504_t151.jpg,1
